key,name
0,video churches
1,sie instrumental huntington enjoy
2,firefox dietary
3,dump
4,speaking
5,vegetation continental alberta
6,kerry hb
7,occupational
8,comfort locking
9,adolescent hiking austin
10,seemed debate solomon
11,start across
12,bp die authors biotechnology
13,carriers food awareness
14,credits cad
15,crossing transformation minolta portugal
16,tomorrow confirm
17,grace passage dicks theme
18,bother ciao
19,ka result aggregate
20,arrest valentine throat
21,restaurant scenarios agreements
22,jews he concerts poker
23,enormous favourites
24,jumping wise
25,accused
26,embedded
27,of
28,salvation signing
29,af aquatic
30,leon relative
31,amounts tyler
32,norton scales
33,counsel achieving
34,on sons
35,rule saving
36,sugar mens couples acre
37,yu enjoy posters pst
38,filtering
39,ambient doom
40,tool ellen hz hot
41,syndication charger vampire sl
42,correct
43,them inner
44,atmosphere
45,sunshine guatemala cardiovascular suggest
46,medicaid pam theories
47,un
48,fine talked
49,having manually
50,porsche
51,hosts
52,apparel enterprises solaris noble
53,investors api budget lanes
54,responded process free
55,throat
56,router
57,shirt champions wal trick
58,serbia
59,nh amounts prompt integrated
60,anatomy
61,carrying memo childrens
62,organization
63,producers wheat winter
64,compile zdnet ron
65,technological desperate
66,expense minus
67,gb treo
68,tale
69,gardens jvc formats began
70,warner
71,butterfly passenger
72,ordering employer
73,roulette
74,mitchell blend gonna
75,nicholas ion external
76,define
77,foreign engage compilation
78,ipod creations
79,jews dealer
80,inspiration emergency earliest
81,involvement fiber
82,stewart icon
83,civil club aberdeen
84,medicare duty territory
85,intranet say trustee worked
86,ka similar cambodia
87,depot kevin
88,involved urban hh
89,proven gordon
90,investigators earth
91,athletes thu
92,applied stability cents
93,lending several gerald
94,factory
95,protocols have changed trunk
96,wr sectors columns muscle
97,small influenced replies
98,gross though
99,doors quad destinations pharmaceutical
100,trend supreme
101,sr governance premises
102,columns overall demands
103,go
104,gay next
105,noticed holland pharmacy realtor
106,vertical
107,rides herb giving
108,spencer determining
109,continue gp
110,long frederick sender effectively
111,sampling fw
112,hamilton
113,sticks cells
114,describe
115,fortune
116,zoning savings embassy hindu
117,regarded mud pens antarctica
118,representing
119,reliability
120,jaguar solve
121,soap
122,golf innovation catch train
123,context spots
124,university characterized treatments
125,surface highlight greene
126,notified
127,exercises kong cover reflections
128,reliable named checkout relatively
129,guestbook superb
130,aud program
131,mainly password colored
132,just
133,subject cookie
134,lower plain drawn deleted
135,cvs stood monte classified
136,whilst hint radar qualifications
137,reef specs night
138,ball receives tasks
139,problems replacing lonely
140,photography
141,evans transparency four satin
142,fails badge
143,basename amendments citizens marketplace
144,funds hang
145,relate dishes kill
146,io sports
147,targets
148,banner
149,folder tours feof
150,provided
151,cable depression
152,plasma depression
153,parliament dame demanding curious
154,closes
155,warm shut
156,barry granny
157,afternoon experiences catherine
158,ohio alloy
159,believe caring interpretation
160,occasion exhibit
161,veterinary ftp
162,lecture influences ministries
163,host sanyo
164,arrived monitored
165,picks maps morning susan
166,yukon forwarding consortium
167,module textiles
168,paper sponsored plot
169,silk commands
170,officials
171,volume
172,four television
173,peninsula mt shorter
174,anniversary trick
175,line substantial ip
176,steve played since
177,spotlight savings findings us
178,nerve vision
179,magazines appears
180,sisters
181,representing flash
182,poland websites alternate
183,competitions raid accreditation ship
184,found
185,raid concentrate swim disabled
186,rice relax quotations hamburg
187,starter retro speaks
188,damaged groundwater
189,champagne resident elite
190,utility seal gi enemies
191,worthy conducted quizzes corpus
192,usual flyer classified
193,alan ver mods pst
194,clarity
195,barbara cuts innovation
196,eat jackets pump truly
197,boundary gem depending
198,optimize
199,symantec capitol northeast
200,bye happy blackberry implement
201,distinction
202,ny lion
203,rent
204,indians marked ye
205,everyday
206,latin blogs syntax closest
207,confirmation
208,comparing shower era
209,yo political encouraging
210,easy scotia sen
211,acts camcorder
212,bulk charity
213,petite marshall
214,exercise
215,invisible assault begin
216,essex
217,mailed frame acdbentity
218,poetry config latina supposed
219,responsible ricky box administration
220,mechanical newton sucking exceptions
221,note
222,affects tied
223,puppy
224,arkansas conferencing
225,spoken obligations
226,canal dishes klein wider
227,threatened cross
228,advert marking dealers
229,alpine casual
230,pubs indiana pdt
231,survive mate uk yo
232,forbidden compounds crowd unsigned
233,earnings cadillac
234,campaign casino
235,program exact cingular description
236,quilt jane successful
237,son hammer executives
238,anything
239,directed plymouth leather
240,aerial photographic needed written
241,variations
242,welsh deliver
243,laser policy
244,editorial particles
245,male
246,latex
247,commitment screensaver
248,indicators
249,therapeutic forgot highlighted movie
250,details
251,convergence extra corrections
252,newsletter file sought
253,usda
254,low
255,relying salad mysql predictions
256,conditions
257,eating
258,analysis neo picking privileges
259,rss returns
260,glow
261,occupations schedule
262,zoloft warehouse honolulu observe
263,white philosophy tuition
264,transportation influences contributor
265,rank
266,lose writes
267,water dressed emission
268,saying
269,quality kids donated
270,reserved suddenly calculation moisture
271,mediawiki beds locked materials
272,bouquet operation
273,dh movements dns mariah
274,thumbzilla anne retain entity
275,paragraph channels partial
276,latter
277,contract seasons
278,theaters
279,nato
280,treasure perth touch baptist
281,department black
282,days
283,exception thumbs seriously
284,steam algebra cfr
285,pros
286,gave moscow genes cheque
287,cologne bobby pac
288,deployment zoloft tony ben
289,coaching grateful role
290,gale div biodiversity ashley
291,attorneys reel
292,alerts
293,christ vice
294,handles eng olive dm
295,brochure made beef
296,true turner
297,gap
298,anyway
299,sin photograph glasses
300,raising coin anonymous adolescent
301,sega rl zinc
302,projectors hoping texts cargo
303,psychological saskatchewan guitar collapse
304,legislation grant abilities
305,performing seeking largest interventions
306,earn keith
307,line
308,texts cover
309,accreditation viii symantec voip
310,sky finger cingular
311,undefined organized
312,marked judgment
313,literally current
314,cutting stewart
315,royal lexus
316,desktop standards
317,inside modern
318,tall present eval
319,maximum lg
320,benefits considers major
321,entry many tags restrictions
322,enters harold
323,cached far framed attachments
324,typically modifications
325,pleased sing parents
326,kai theme match
327,tops contractors presents widely
328,grocery
329,boxed
330,glucose helena wav examinations
331,thesis criteria bd tattoo
332,love ta changed
333,calls realize np oem
334,nylon ref textbooks
335,night rated dd
336,acids athletics subscribers bibliographic
337,vertex
338,reid submission
339,queen
340,honolulu bradford evaluate
341,indexed australia progressive measured
342,theater invasion vacation
343,findings jay pad obligation
344,motorola
345,suffered euro
346,embassy quiz hands continually
347,suppliers leslie construction examined
348,armstrong
349,subsequently dts leo
350,bankruptcy rep montreal
351,emerging
352,schema wizard humanities
353,clearly crossing angels malpractice
354,pork redhead advocacy
355,victims
356,abu byte constant
357,dates fraction bt cosmetic
358,algorithms ceremony
359,cohen
360,valuable
361,bi blame
362,lack educated corrected terrain
363,integrity shopping stickers
364,prix which afghanistan or
365,major
366,oclc shares elsewhere district
367,balanced
368,concerned
369,holidays creativity gb
370,sand cam
371,sh mn enables tiger
372,footwear
373,anna eva configured
374,tubes schemes worn
375,glance
376,engaging claire likewise
377,occupational essay adjacent
378,appreciation england
379,baseball villa
380,software restricted spoke
381,departure
382,deutschland format
383,water birmingham tolerance reprints
384,twice
385,wit hygiene
386,termination agriculture slip
387,discipline
388,westminster assistance proprietary recruitment
389,sip crest fundraising ht
390,chosen allows seven province
391,dreams birds
392,once
393,calculation
394,moments along
395,necklace gibraltar
396,obj ultram
397,arabia
398,perception
399,partnerships ah bt recommendation
400,extraordinary scsi stages amp
401,projected
402,recover although breakdown
403,bad
404,silence
405,dates
406,quarter likely
407,exact type
408,avi meyer
409,congress referrals brakes dentists
410,chrome wrist walking attempting
411,blocked depending gamespot
412,enters str bucks dude
413,liked establish
414,fans
415,foto interested
416,tank leading movies suggesting
417,mechanism symposium likes dts
418,unavailable alone guidelines
419,tragedy
420,exploring requesting formerly asking
421,buried chapel following carter
422,ebay jack
423,yes egypt glad helpful
424,magnetic
425,classic measured
426,sphere
427,ping
428,ddr folder flooring
429,ups trademarks vsnet
430,final event moreover
431,shooting
432,entrance bracelets programmers marathon
433,drilling switches background missions
434,huge destroy locally
435,horizon inspired
436,reads ivory domestic connection
437,part controlled empire usage
438,anything
439,beats princeton operator pichunter
440,contributing
441,stranger campaigns refund
442,recreational adidas
443,updated
444,lasting
445,moon postcards russell approx
446,participated vol
447,continent celebrity
448,specials hugo favorite
449,transportation executed
450,bathrooms tracked
451,surgeons convinced interest track
452,introduced creativity follow ext
453,transfer landscape upon
454,forms coupons costume thongs
455,brakes intelligence
456,ah honest potato configured
457,makers ties
458,fibre findarticles webcast wise
459,repeated yes
460,dl plenty
461,md
462,language
463,armenia scotland voyuer
464,deeper eight stephen
465,planners
466,playback example chem contact
467,stripes
468,damage
469,confidential november brilliant
470,tee innovative
471,color choice constitutes castle
472,determination processors booty standing
473,vitamin philip
474,except brand guam
475,loose turkish
476,administration collins agreements trails
477,decorating recordings ghost
478,comm missions motorcycles
479,beaches benefits
480,petite
481,synopsis lincoln onion
482,extent designing
483,decline
484,domains
485,models seattle
486,stroke n framed
487,complexity burden food
488,estonia
489,moisture jam promote
490,quit
491,imported jam rotation disclaimers
492,addressed
493,gardens ham name refine
494,zdnet strengthening phd
495,ethernet babes
496,hawaii
497,offensive
498,sister composed go monitor
499,sunset fruits collection
