key,name
0,William Rojas
1,Sabrina Montgomery
2,Michael Williams
3,Emma Mcconnell
4,Cheryl Cook
5,Aaron Jones
6,Jeffrey Sanchez
7,Andrew Martin
8,Caitlin Harvey
9,Judy Warren
10,Carla Pearson
11,Michelle Livingston
12,Jill Watkins
13,Margaret Parker
14,Kenneth Vasquez
15,Dwayne Richards
16,Ernest Snyder
17,Sean Ryan
18,Kayla Carroll
19,Michael Greer
20,Jesse Reynolds
21,Nicolas Cole
22,Patrick Baker
23,Linda Cook
24,Derek Adams
25,Jennifer Thomas
26,Mark Herrera
27,Tracy Gutierrez
28,Drew Phillips
29,Cheryl Day
30,Diane Hernandez
31,Andrea Fuller
32,Rebecca Wolf
33,Kimberly Freeman
34,Juan Rogers
35,Brian Mills
36,Joshua Lynn
37,Erik Valencia
38,Steven Thomas DVM
39,Robert Shea
40,Stephanie Roberts
41,Casey Peterson
42,Brittany Jones
43,Angela Harvey
44,Michelle Beck
45,Lance Allen
46,Pamela Wilson
47,Patrick Ballard MD
48,Leah Stein
49,Michael Martinez
50,Ashley Morrison
51,Billy Guerra
52,Marie Davis
53,Kendra Morales
54,Felicia King
55,Jose Jones
56,Thomas Blake
57,Ashley Lee
58,Donald Marks
59,Mr. Matthew Rose
60,Mark Adams
61,Vicki Castillo
62,John Jones
63,Jacob Simmons
64,Renee Wagner
65,Claire Anderson
66,James Rodgers
67,Kimberly Saunders
68,Omar Gray
69,Dorothy Williams
70,Jennifer Nelson
71,John Gonzalez
72,Sharon Bullock
73,Julia Williams
74,Mrs. Brenda Fitzgerald
75,Joseph Bray
76,Frederick Ruiz
77,Anthony Johnson
78,Daniel Spears
79,Jennifer Richmond
80,Tammy Thompson
81,David Gonzalez
82,Dr. Melissa Gray
83,Jerry Hawkins
84,Tammy White
85,Jennifer Flores
86,Mark Bishop
87,Dr. Michael Davis
88,David Evans
89,Regina Munoz
90,Billy Moore
91,Harry Gray
92,David Williams
93,William Randolph
94,Matthew Arroyo
95,Thomas Robinson
96,Dr. Daniel Weaver MD
97,Mr. Joel Perry
98,James Harris
99,Kari Williams
100,Roy Boyd
101,Olivia Roth
102,Heather Clark
103,Alan Taylor
104,Leonard Mills
105,Tonya Payne
106,Nicholas Jones
107,Jason Stanley
108,David Miller
109,Donna Castro
110,Michael Quinn
111,Jacob Rich
112,Amanda Miller
113,Bradley Galloway
114,Bernard Lester
115,Juan Lam
116,Debbie Chavez
117,Mitchell Mclaughlin
118,Michael Wilson
119,Jennifer Lee
120,Jimmy Williams
121,Paul Riley
122,Kimberly Evans
123,Charles Jones
124,John Robinson
125,James Yoder
126,Kevin Arnold
127,Christopher Lee
128,Michael Hale
129,Bradley Johnson
130,Molly Carter
131,Jason Oneal
132,Joseph Edwards
133,Lindsay Schwartz
134,Brandon Thompson
135,David Atkinson
136,Rachel Boyer
137,Charles Miranda
138,Michael Myers
139,Samuel Silva
140,Denise Douglas
141,Michael Gordon
142,Susan Francis
143,Lucas Smith
144,Robin Hill
145,Linda Gordon
146,Anthony Clark
147,William Smith
148,Dan Wallace
149,Aaron Tucker
150,Andrew Bennett
151,Tyler Jensen
152,Ryan Gonzalez
153,Katherine Thomas
154,Jason Velazquez
155,Darrell Sullivan
156,Laura Mason
157,Margaret Thompson
158,Scott Hood
159,Mrs. Lindsay Brandt
160,Karen Joseph
161,Jesse Clark
162,Timothy Thomas II
163,Ryan Li
164,Melissa Haley
165,Richard Smith
166,Jessica Marshall
167,Douglas Ortega
168,Ryan Bond
169,Ms. Jennifer Martinez
170,Brandon Gillespie
171,Katherine Gomez
172,Nicholas Hunter
173,John Garcia
174,Sherry Rogers
175,Nathan Morris
176,Logan Schaefer
177,Victor Taylor
178,Valerie Stewart
179,Sharon Adams
180,Daniel Choi
181,Gary Jones
182,Cassandra Warner
183,Melissa Johnson
184,Ashley Obrien
185,Alexander Hendrix
186,Eric Ruiz
187,Erica Tyler
188,Kimberly Wallace
189,Nancy Daniels
190,Michael Allen
191,Felicia Hodge
192,Steven Carter
193,Ian Gates
194,Nicholas Fisher
195,Emma Black
196,Amanda Jones
197,Brandon Johnson
198,Antonio Lucas
199,Dr. Wendy Martin
200,Stacey Rice
201,Mark Webb
202,Kyle Gonzales
203,John Castaneda
204,Christopher Nichols
205,Heather Jefferson
206,Joseph Tate
207,Justin Ryan
208,Lori Heath
209,Colleen Gallagher
210,Sophia Tucker
211,Christy Bennett
212,Kevin Banks
213,Jacqueline Walter
214,Michael Vance
215,David Baker
216,Jacob Phillips
217,Jason Cunningham
218,Alicia Reese
219,Michele Vincent
220,Thomas Brown
221,Karen Trevino
222,William Rivera
223,Amy Anderson
224,Janet Ortiz
225,Emily Underwood
226,Sandra Foster
227,Alex Gill
228,Jeffrey Reed
229,Jose Collins
230,Samantha Miller
231,Dawn Orozco
232,Ashley Davis
233,Taylor Franco
234,Stephanie Hickman
235,Jane Gordon
236,Melissa Erickson
237,Anthony Boyd
238,Alyssa Miranda
239,Matthew Lyons DVM
240,Brian Arnold
241,Sarah Harris
242,Casey Taylor
243,Stacie Cox
244,Justin Livingston
245,Mary Bryan
246,Ryan Williamson
247,Mr. Samuel Howell
248,Daniel Adams
249,Amber Haynes
250,Taylor Simmons
251,Sherry Sanchez
252,Kristy Moon
253,Amber Mccarthy
254,Dylan Mendez
255,Joshua Anderson
256,Barbara Franklin
257,Elizabeth Moore
258,Angela Herring
259,Kathryn Esparza
260,Sarah Coleman
261,Robert Watts
262,Clifford Fox
263,Danielle Huffman
264,Lindsey Tucker
265,Eric Gross
266,Brian Rasmussen
267,Chelsea Fisher
268,Michael Garcia Jr.
269,Morgan Clark
270,David Lawrence
271,Raymond Chavez
272,Mark Kennedy
273,Mark Simpson
274,Kelly Moore
275,James Lewis
276,Jacob Gonzalez
277,Antonio Gibson
278,Kimberly Aguilar
279,Brian Baxter
280,Grant Sims
281,Jessica Smith
282,Eric Dixon
283,Elijah Fry
284,Brent Smith
285,Billy Ramos
286,Angela Bell
287,Michael Walsh
288,Jessica White
289,Michael Anderson
290,Melissa Hawkins
291,Erika Rivera
292,Andrew Hampton
293,Jessica Gordon
294,Michael Singh
295,Austin Anderson
296,Megan Woodard
297,Jennifer Macdonald
298,Susan Marshall
299,Brittany Beck
300,Christopher Morris
301,Daniel Romero
302,Michael Landry
303,Joshua Erickson
304,Richard Rose
305,Anthony Johnson
306,Brittany Mays
307,Matthew Curry
308,Emily Beltran
309,Frank Jacobs
310,Darlene French
311,Anthony Peters
312,Dylan Henderson
313,Shawn Bryan
314,Julia Serrano
315,Jamie Branch MD
316,Nancy Henderson
317,Brooke Smith
318,Miranda Khan
319,Kevin Lee
320,Wesley Diaz
321,Lynn Nguyen
322,Ashley Martin
323,Sarah Burnett
324,Kayla Fowler
325,Nathan Thompson
326,Sara Williams
327,Joshua Barrett
328,Melanie Kirby
329,Richard Salinas
330,Cheryl Martinez
331,Leroy Cervantes
332,Evan Mcdowell
333,Jared Scott
334,Alexander Mendoza
335,Chris Hanson
336,Jeremy Lowe
337,Whitney Copeland
338,Deanna Vazquez
339,Jasmine Flynn
340,Richard Mitchell
341,Kimberly Smith
342,Courtney Berry
343,Nicole Nunez
344,Herbert Carter
345,Jamie Barker
346,Jeffrey Mitchell
347,Frank Gross
348,Jeffrey Robinson
349,Scott Mayo
350,Yesenia Brown
351,Heather Solomon
352,Lawrence Thompson DDS
353,James Craig
354,Christina Thompson
355,William Richard
356,Cheryl Murray
357,Blake Johnson
358,Jason Todd
359,Lori Ortiz
360,Travis Novak
361,Suzanne Martinez
362,Sheryl Shepard
363,Seth Ewing
364,John Clark
365,Heather Jones
366,Rachel Smith
367,Kristen Allen
368,Paul Martinez
369,Erik Davis
370,Joseph Robinson
371,Katie Orozco
372,Tracy Barnett
373,Joshua Martinez
374,Diamond Griffin
375,Dennis Anthony
376,Ryan Cook
377,Joshua Mcdonald
378,Kathleen Kelly
379,Charles Archer
380,Cynthia Williams
381,Jonathan Smith
382,Bradley Flores
383,Daniel Dalton
384,Jeffrey Bell
385,Samantha Knapp
386,Dr. Andrew Smith PhD
387,Amy Lee
388,Dennis Green
389,Jeffery Brown
390,Paula Murphy
391,Michael Gibbs
392,Sarah Dixon
393,Amy Russell
394,Brenda Smith
395,Mark Richardson
396,Patricia Fields
397,Joseph Duran
398,Jessica Taylor
399,Edward Smith
400,Matthew Gomez
401,Thomas Huynh
402,Anthony Morrow
403,Michael Lee
404,Anthony Rogers
405,Sandra Ball
406,Erin Chase
407,Chelsea Schmidt
408,Laurie Mcdonald
409,Cameron Boyd
410,Marcus Johnson
411,Rebecca Mathis
412,Brittany Robinson
413,Cody Shepherd
414,James Stanley
415,Kylie Robbins
416,Amy Harper
417,Scott Byrd
418,Mary Campbell
419,Terry Anderson
420,John Patterson
421,Jon Wheeler
422,Bonnie Trevino
423,Cynthia Becker
424,Douglas Lawson
425,Christine Mata
426,Robin Shaffer
427,Dr. Darlene Ortiz
428,Cynthia Cline
429,Anna Martin
430,John Weeks
431,Miss Molly Lewis
432,Angelica Jackson
433,Michelle Dunn
434,Amanda Frederick
435,Colleen Bradford
436,Carrie Griffith
437,Maria Fowler
438,Crystal Parker
439,Tanya Herrera
440,Ashley Watson
441,Michael Johnson
442,Jerry Lopez
443,Lori Stanley
444,Robert Davis
445,Samantha Lopez
446,Kevin Cummings
447,Jeff Kim
448,Dustin Cannon
449,Patrick Johnson
450,Matthew Mckee
451,Paul Lynch
452,Kendra Washington
453,Matthew Lopez
454,Jason Reese
455,John Williams
456,Michael Chavez
457,Rebekah Craig
458,Andrew Lynch
459,Mrs. Sharon Hunt MD
460,John Schultz
461,Dawn Terry
462,Sherri Frederick
463,Terry Melton
464,Bradley Smith
465,Gabrielle Jones
466,Patrick Schroeder
467,Justin Oconnor
468,Scott Delgado
469,Timothy Webb
470,Dana Schroeder
471,Carol Rogers
472,Gary Sandoval
473,Michelle Jordan
474,Kevin Morris
475,Elizabeth Benson
476,Hannah Smith
477,Michael Johnson
478,Melissa King
479,Jason Fernandez
480,Dr. Ashley Fuller
481,Shannon Meyer
482,Jamie Williams
483,Megan Lawson
484,Leah Vincent
485,Deanna Boyd MD
486,Shawn Chapman
487,Matthew Armstrong
488,David Strickland
489,Mark Lewis
490,Dwayne Aguilar
491,Rachael Murray
492,Timothy Jones
493,Joseph Peterson
494,James Smith
495,Eric Welch
496,Jim Morgan
497,David Burke
498,Anne Johnson
499,Tristan Gallagher
500,Betty Johnson
501,Kristen Jones
502,Veronica Harris
503,Juan Rogers
504,Margaret Logan
505,Brandon Buckley
506,Tara Simon
507,Kristina Richardson
508,Dana Lynn
509,Michael Terry
510,Dustin Smith
511,Steven Love
512,Daniel Washington
513,Lisa Case
514,Rachel Grimes
515,Nancy Willis
516,Mr. Austin Morales MD
517,Toni Stone
518,Diana Jenkins
519,Patrick Thompson
520,Monica Carr
521,Erin Jimenez
522,Roberto Morris
523,Lynn Kaufman
524,Samuel Decker
525,Erin Watson
526,Jessica Oconnor
527,Mary Mason
528,Courtney Moore
529,Sheila Lopez
530,Christopher Molina
531,Brad Brown
532,Jessica Jones
533,James Jimenez DDS
534,Barbara Johnson
535,Jasmine Boyer
536,Marissa Dyer
537,Christine Parsons
538,Nancy Hernandez
539,Paige Smith
540,Matthew Young
541,Catherine Williams
542,Tonya Lee
543,Carla Mack
544,Jesse Wagner
545,Thomas Berry
546,Kristen Fisher
547,Stephen Mitchell
548,Caleb Reynolds
549,Stephanie Jones
550,Hannah Schneider
551,Marvin Caldwell
552,Eric Ferguson
553,Jason Jensen
554,Sarah Hunt
555,Carlos Campbell
556,Beverly Cole
557,Sarah Murray
558,Andrea Jones
559,Deborah Gutierrez
560,Joseph Williams
561,Megan Mcdaniel
562,Hannah Long
563,Laura Lang
564,Stephen Hardy
565,Kristy Pham
566,Laura Campbell
567,Richard Wright
568,Julie Hardy
569,Shelly Cantu DVM
570,Evan Velasquez
571,Heather Chapman
572,Taylor Barron
573,Miranda Lowery
574,Joanne Phillips
575,Kevin Marshall
576,Brandy Kim
577,Hayley Duncan
578,Patricia Banks MD
579,Nathaniel Reyes
580,Daniel Parrish
581,Joshua White
582,Gary Crawford
583,Derek Berry
584,Tanya Gomez
585,Evan Carrillo
586,Matthew Rich
587,Kaitlin Barber
588,Michael Smith
589,Elizabeth Gregory
590,Mary Campbell
591,Jessica Morales
592,Anthony Miller
593,Paul Owens
594,Wendy Cox
595,Katherine Jensen
596,Kristen Reese
597,Anita Hernandez
598,Dana Herring
599,Joseph Wells
600,Felicia Tucker
601,Matthew Wright
602,Aaron Jones
603,Amanda Gutierrez
604,Sarah Wright
605,Jerome Martin
606,Nicholas Giles
607,Tony Morales
608,Carol Sexton
609,Brian Mcdaniel
610,Andrew Livingston
611,Shane Owens
612,David Ellis
613,Kirk Anderson
614,Shannon Hill DDS
615,Stephen Wilkins
616,Dr. Duane Hahn MD
617,Laura Smith
618,Karen Williams
619,Andrew Gutierrez
620,Christopher Holland
621,Christina Evans
622,Amber Lamb
623,Christopher Richardson
624,Karen Lucas
625,Melanie Hunt
626,David Thompson
627,Ashley Frazier
628,Donald Rivera
629,Jack Espinoza
630,Daniel Gallagher
631,Dylan Bryant
632,Joseph Brown
633,Bonnie Watson
634,Zachary Graves
635,Zachary Andrews
636,Kelly Roberts
637,James Lopez
638,Amber Cohen
639,Miguel Sosa
640,Sean Drake
641,Dawn Walter
642,Michelle Adams
643,Patrick Neal
644,Whitney Stephenson
645,Ricardo Brown
646,Kyle Herrera
647,Lindsay Lopez
648,April Rivera
649,David Vazquez
650,Amber Jones
651,Isaac Elliott
652,Ryan Jones
653,Cameron Sutton
654,Jerry Hammond
655,Michelle Bradley
656,Christopher Sutton
657,Jeanette Brown
658,Larry Buckley
659,Danielle Ruiz
660,Crystal Castaneda
661,Vickie Perry
662,Christina Hebert
663,James Barton
664,Jennifer Bush
665,Larry Jennings
666,Brian Black
667,Laura Hickman
668,Alexander Wood
669,Adam Schroeder
670,Pamela Rowland
671,Holly Simon
672,Nicholas Bradley
673,Catherine Ramirez
674,Scott Hanson
675,James Herman
676,Cynthia Krueger
677,Andrew Santiago
678,David Rosales
679,Jose Saunders
680,Mary White PhD
681,Mary Hall
682,Jose Taylor
683,Carol Mathews
684,Sophia Hodges
685,Stephanie Powell
686,Hannah Williamson
687,Sarah Pacheco
688,Robert Lee
689,Tammy Skinner
690,Christopher Black
691,Mark Parrish
692,Daniel Bowen
693,Sergio Wright
694,Fred Thompson
695,Jonathan Baker
696,Joshua Brown
697,Curtis Buchanan
698,Noah Smith
699,Alicia Bryant
700,Michael Anderson
701,Wendy Johnson
702,Ronnie Ford
703,Ricky Russell
704,Carl Carlson
705,Mark Bowen
706,Katherine Dunlap
707,Katie Stevens
708,Omar Hogan
709,Michelle Rivera
710,Stephanie Howard
711,Kristin Morrow
712,Luke Cruz
713,Ashley Navarro
714,Anthony Brown
715,Justin Miller
716,Megan Vega
717,Brenda Walsh
718,Erin Anderson
719,Daniel Matthews
720,Luis Marshall
721,Alyssa Anderson
722,Adrian Green
723,Debbie Yates
724,Joshua Smith
725,Katherine Wood
726,Deborah Morrow
727,Nicholas Gonzalez
728,Samuel Sanders
729,Jason Jones
730,Jacqueline Davis
731,Bryce Potts
732,Desiree Lee
733,Vanessa Brown
734,Christopher Haley
735,Bryan Price
736,Corey Wyatt
737,Todd Flores
738,Gregory Ross
739,Kim Lowe
740,Timothy Becker
741,Wendy Bauer
742,Cynthia Wells
743,Steve Love
744,John Thompson
745,Shelby Clarke
746,Dr. Hannah Porter
747,Aaron Sanchez
748,Patrick Sherman
749,Bobby Lucero
750,John Martin
751,Anthony Smith
752,Megan Perez
753,Jeffrey Harris
754,Margaret Glenn
755,Paula Wilson
756,Wesley Cantu
757,Julia Gutierrez
758,Jessica Mccall
759,Robert Contreras
760,Ashley Young
761,Erin Burton
762,Hannah Michael
763,Larry Kramer
764,Philip Johnson
765,Amy Flores
766,Chelsea Yoder
767,Emma Berg
768,Tyrone Davis
769,Anne Payne
770,Cassandra Michael
771,Mary Garcia
772,Dominic Garcia
773,Robert Morrison
774,Jessica Diaz
775,Denise Everett
776,Robin Jackson
777,Jordan Khan
778,Isaac Freeman
779,Jacob Melton
780,Amber Myers
781,Emily Miles
782,Alexander Mitchell
783,Bailey Lucas
784,Sarah Martinez
785,Micheal Schmidt
786,Jacob Brown
787,Johnathan Moore
788,Daniel Park
789,Molly Gutierrez
790,Rachel Estes
791,Eric Johnson
792,Charles Douglas
793,Robert Welch
794,Joshua Rodriguez
795,Deborah Rodriguez
796,James Saunders
797,Crystal Martinez
798,Ashley Nicholson
799,Brittany Farmer
800,Patricia Macdonald
801,Theresa Pitts
802,Kimberly Taylor
803,Sean Davis
804,Kevin Scott
805,Sheri Mcdowell
806,Ronald Holloway
807,Corey Johnson
808,Eileen Martin
809,Kenneth West
810,Nicholas Cruz
811,Travis Evans
812,Debra Williams
813,Colin Edwards
814,Edward Washington
815,Jason Sanchez Jr.
816,Amber Parsons
817,George Jensen
818,Jeffrey French
819,David Nunez
820,Christopher Holt
821,Adam Hunter
822,Kathryn Macdonald
823,Lorraine Jones
824,Lauren Anderson
825,Amanda Oliver
826,Jane Koch
827,Sharon Williams
828,Kara Church
829,Annette Hawkins
830,Theodore Green
831,Kathleen Martinez
832,Jason Williams
833,Chelsea Alvarado
834,Julie Graves
835,Laurie Thompson
836,Brenda Pratt
837,Annette Medina
838,Emily Gordon
839,Julia Mccoy
840,Michael Young
841,David Adams
842,Casey Jackson
843,Natalie Ford
844,Peter Jones
845,Brenda Rose
846,Debra Carter
847,Kathleen Kelly
848,Kayla Watkins
849,Jacob Gray
850,Barbara Weaver
851,Matthew Johnson
852,Robert Young
853,William Fisher
854,Mario Smith
855,Stephanie Cook
856,Jason Mccarthy
857,Victoria King
858,Samantha Golden
859,David Henry
860,Rebecca Scott
861,James Brooks
862,Karen Murray
863,Crystal Garcia
864,David Alexander
865,Pamela Ray
866,Kimberly Ross
867,Kristin Sellers
868,Stacie Garza
869,Brent Watson
870,Caitlin Gonzales
871,Lauren Kim
872,Shawn Wise
873,Scott Gregory
874,Dr. Carlos Thomas
875,Ann Hunter
876,Morgan Johnston
877,James Williams
878,James Herrera
879,Isaac Calderon
880,Sarah Mason
881,Lauren Gomez
882,Joanne Russo
883,Carolyn Keller
884,Zachary Baxter
885,Justin Butler
886,Christopher Moss
887,Jaime Simmons
888,William Valentine
889,Daisy Velasquez
890,Dustin Salazar
891,Daniel Shaw
892,Michael Salazar
893,Patricia Coleman
894,Brandon Frederick
895,Jennifer Love
896,Michael Hobbs
897,Jerry Dominguez
898,Amy Hall
899,Eric Allen
900,Nicole Thomas
901,Angela Ford
902,Corey Blevins
903,Kathryn Romero
904,Catherine Morales
905,Steven Dunn
906,Courtney Reed
907,Haley Murphy
908,Kara Robinson
909,Jaime Robinson
910,Laurie Weiss
911,Jeffrey Gordon
912,Jason Gomez
913,Dawn Anderson
914,Tiffany Luna
915,David Luna
916,Jonathan Lopez
917,Neil White
918,Matthew Smith
919,Levi Robinson
920,Joel Crawford
921,Crystal Davis
922,Anthony Chaney
923,Thomas Mcclain
924,Joan Gordon
925,Noah Griffin
926,Eric Roy
927,Christopher Boyer
928,Samantha Martinez
929,Kiara Stephens
930,Heidi Villarreal
931,Jessica Jones
932,Caitlin Mosley
933,Angela Williams
934,Paul Casey
935,Kayla Nichols
936,Robert Frank
937,Melissa Lee
938,Kenneth Rodriguez
939,Emma Moore
940,Max Khan
941,Wesley Thompson
942,Michael Anderson
943,Jennifer Castaneda
944,Mary Green
945,Paula Morris
946,Christina Andrews
947,Jessica Watson
948,Matthew Martin
949,Christina Lee
950,Anthony Valenzuela
951,Howard Keller
952,Alexander Smith
953,Joshua Robinson
954,Thomas Higgins
955,Joseph Dunn
956,Carmen Colon
957,Denise Jones
958,Andrea Mcgee
959,Stephen Shaw
960,Gloria Campbell
961,Danielle Guzman
962,Gregory Hudson
963,Emily Ayers
964,Melissa Harvey
965,Madison Rice
966,Kevin Mcguire
967,Pamela Banks
968,Jeffrey Davis
969,Michael Williams
970,Troy Hunt
971,Miss Andrea Hall
972,Stanley Richardson
973,Mallory Guerrero
974,Elizabeth Morris
975,Kelly Oconnell
976,Carrie Glenn
977,Kevin Davis
978,Matthew Brown
979,Julie Mills
980,Alyssa Chapman
981,Justin Moore
982,Kimberly Gonzalez
983,Amy Hampton
984,Jay Chavez
985,Amanda Reed
986,Timothy Gordon
987,Joshua George
988,Kelsey Thomas
989,Michael Mills
990,Susan Wood
991,Timothy Weaver
992,Jessica Merritt
993,Jessica Moran
994,Bethany Yoder
995,David Hardy
996,Stacy Nelson
997,Alfred Hernandez
998,Carlos Wolfe
999,Roberto Sullivan
1000,Tara Graham
1001,Jamie Higgins
1002,Michelle Rodriguez
1003,Robert Garcia
1004,Anthony Gomez
1005,Rachel Buchanan
1006,Barbara Rogers
1007,Joshua Ellis
1008,Stephanie Patterson
1009,Michael Ayala
1010,David Fox
1011,Veronica Ward
1012,Mary Lewis
1013,Elizabeth Diaz
1014,Gary Thomas
1015,Tiffany Thomas
1016,Jamie Obrien
1017,Heather Martinez
1018,Steven Rogers
1019,Donna Gonzalez
1020,Hannah Hart
1021,Anthony Gonzalez
1022,Rebecca Montes
1023,Michael Sims
1024,Jodi Rice
1025,Christopher Peterson
1026,Cheryl Kirk
1027,Cory Stephens
1028,Benjamin Lang
1029,Brandon Collins
1030,Robert Clark
1031,Brandon Padilla
1032,Robert Bowers
1033,Sarah Levy
1034,Katherine Faulkner
1035,Timothy Sanders
1036,Stephen Mcguire
1037,William Brown
1038,Donna Santos
1039,Megan Robinson
1040,Joseph Parker
1041,Scott Winters
1042,Linda Young
1043,Teresa Terry MD
1044,Sean Barr
1045,Kenneth Mcfarland
1046,Brandon Yu
1047,Teresa King
1048,Logan King
1049,Jennifer Ferguson
1050,Timothy Reed
1051,Jamie Baker
1052,Hannah Goodman
1053,Arthur Dennis
1054,Samuel White
1055,Chad Pineda DDS
1056,Debra Kelly
1057,William Johnston
1058,Jessica Hamilton
1059,George Jordan
1060,Jessica Beck
1061,Stephanie Edwards
1062,Jessica Young
1063,John Burke
1064,Lisa Smith
1065,Sandra Hunter
1066,Matthew Montgomery
1067,James Mendoza
1068,Scott Hernandez
1069,Ruth Williams
1070,Kimberly Hall
1071,Timothy Leonard
1072,James Castro
1073,Brandon Fernandez
1074,Roger Hall
1075,Robert Moore
1076,James Roberts II
1077,Grace Chang
1078,Christopher Brandt
1079,Brian Harvey
1080,William Poole
1081,Joshua Alexander
1082,Joshua Gibson
1083,Paige Jones
1084,Nicholas Wagner
1085,Katherine Lindsey
1086,Andrea Edwards
1087,Michael Patrick
1088,Gary Walters
1089,James Rivera
1090,Kathy Powell
1091,Michelle Zamora
1092,Jose Roman
1093,Joseph Shields
1094,Jennifer Perez
1095,Brittany Palmer
1096,Susan Rivera
1097,Thomas Mckinney
1098,Christopher Sherman
1099,Briana King
1100,Michele Banks
1101,Susan Herman
1102,Dustin Warren
1103,Jason Wheeler
1104,Alison Taylor
1105,Ashley Fowler
1106,Anthony Lamb
1107,Alyssa Howard
1108,David Downs
1109,Andrea Berry
1110,Joshua Sanders
1111,William Perez
1112,Jennifer Burke
1113,Linda Elliott
1114,Allison Douglas
1115,Jordan Rangel
1116,Catherine Lawson MD
1117,Tyrone Chavez
1118,Misty Ortiz
1119,Joshua Miller
1120,Sharon Nelson
1121,Heather Brown
1122,Charles Jackson
1123,Charles Simmons
1124,Elizabeth Ward
1125,Nicholas Arnold
1126,Craig Spencer
1127,Ryan Morales
1128,Brooke Levy
1129,Laura Henderson
1130,Ryan Ford
1131,Vickie Hayes
1132,Nicole Phillips
1133,David Sanders
1134,Natalie Rocha
1135,Linda Kim
1136,Michael Hart
1137,Wayne Taylor
1138,John Dean
1139,Natalie Jackson
1140,Joshua Peters
1141,George Holden
1142,Brett Adams
1143,Michael Brown
1144,Samuel Silva
1145,William Carney
1146,Alexandra Frederick
1147,Kyle Williams
1148,Carol Watts
1149,Wendy Murillo
1150,Ashley Cook
1151,Robert Cunningham
1152,Christopher Berg
1153,Jill Wallace
1154,Amanda Schneider
1155,Christine Hernandez
1156,Mr. Paul Reilly
1157,Vincent Coffey
1158,Edward Burns
1159,Arthur Leblanc
1160,Amy Stevenson
1161,Jennifer Ruiz
1162,Michael Johnson
1163,Joshua Garcia
1164,Todd Perez
1165,John Juarez
1166,Abigail Perez
1167,Dawn Acevedo
1168,Joseph Mclaughlin
1169,Travis Brown
1170,Karla Jones
1171,Jessica Edwards
1172,Donna Collins
1173,Tara Charles
1174,Renee Wells
1175,Michael Drake
1176,Cassandra Schneider
1177,Allison Bautista
1178,Elizabeth Douglas
1179,Jacob Williams
1180,Ryan Vargas
1181,Jose Mcfarland
1182,Brianna Potter
1183,James Smith
1184,Lindsay Mckay
1185,Lori Lowery
1186,Alec Johnson
1187,Jasmine Davis
1188,Joshua Jones
1189,Kathleen Mccoy
1190,Sandra Aguilar
1191,Colleen Powers
1192,Levi Carter
1193,Laura Clements
1194,Christopher Brown
1195,Nathaniel Harris
1196,Theresa Carey
1197,Joseph Casey
1198,Megan Leonard DDS
1199,Shawn Martinez
1200,Joshua Espinoza
1201,Scott Stokes
1202,Chelsey Prince
1203,Erin Burke
1204,Lisa Scott MD
1205,Christopher Gray
1206,Theresa Atkinson
1207,Colin Noble
1208,Wyatt Hunt
1209,Matthew Crawford
1210,David Foley
1211,Christopher Wall
1212,Nicole Mejia
1213,Kenneth Shields
1214,Jack Richardson
1215,Laura Sampson
1216,Christian Cook
1217,Gerald Holder
1218,Julie Guerrero
1219,Emily Henderson
1220,Kimberly Pratt
1221,Kelly Matthews
1222,Mr. Evan Diaz
1223,Matthew Powell
1224,Danielle Lambert
1225,Jerry Jordan
1226,Alyssa Zimmerman
1227,Mark Brewer
1228,Christopher Garcia
1229,Melissa Macias
1230,Kathryn Walker
1231,Colin Lin
1232,Eric Duncan
1233,Kelly Harrison
1234,William Santos
1235,Misty Rodriguez
1236,Todd Cummings
1237,Angela Wright DDS
1238,Andrew Miller
1239,Vanessa George
1240,John Davis
1241,Joseph Cook
1242,Joshua Taylor
1243,Sheila Glass
1244,Kim Zavala
1245,Lisa Kidd
1246,Brandi Smith
1247,Christopher Williams
1248,Kimberly Sims
1249,Leah Simpson
1250,Laura Vang
1251,Robert Morgan
1252,Cynthia Miller
1253,Stephen Mcclain
1254,Dr. Susan Torres
1255,Ryan Thomas
1256,Sandra Houston
1257,Erin Walters
1258,Curtis Pace
1259,Karen Mann
1260,Jennifer Rivera
1261,Cody Cobb MD
1262,Amy Richardson
1263,Carl Hinton
1264,Cameron Chung
1265,Cameron White
1266,Heather Ortiz
1267,Ryan Chen
1268,John Vasquez
1269,Brian Saunders
1270,Evelyn Fox
1271,Lisa Warren
1272,Bryan Davis
1273,John Weaver
1274,John Cantu
1275,Nicole Smith
1276,Thomas Leonard
1277,Destiny Hanna
1278,Patrick Navarro
1279,Brent Rivera
1280,April Lopez
1281,Jason Jensen
1282,Brian Rogers
1283,Laura Price
1284,Amber Johnson
1285,Anna Shepherd
1286,Donald Stevens
1287,Mitchell Estes DDS
1288,Vincent Smith DDS
1289,Linda Fuller
1290,Rachel Castro
1291,Scott Booth
1292,Connie Ramos
1293,Stacey Hamilton
1294,Douglas Holland
1295,Jeffrey Snow
1296,Willie Mcdonald
1297,Kaylee Rojas
1298,David Jones
1299,Traci Ayala
1300,Amber Strickland
1301,Kimberly Anthony
1302,Sharon Morgan
1303,Larry Stewart
1304,Brandon Edwards
1305,Roy Velazquez
1306,John Spencer
1307,Lori Hall
1308,Mark Brown
1309,Sabrina Singh
1310,Victor Ford
1311,Cassidy Thomas
1312,Bailey Miller
1313,Casey Kramer MD
1314,Elizabeth Huffman
1315,Ashley Woods
1316,Jimmy Miranda
1317,Hannah Simpson
1318,Joseph Pace
1319,Linda Mercer
1320,Patricia Brown
1321,Jason Wilson
1322,Derrick Jones
1323,Tiffany Sloan
1324,Stephen Mccarthy
1325,Harry Holden
1326,Taylor Mccarthy
1327,Andrew Reese
1328,Matthew Brown
1329,Miss Teresa Caldwell
1330,Richard Turner
1331,William Evans
1332,Sergio Carey
1333,Joseph Clarke
1334,Brian Vargas
1335,Timothy Ward
1336,Tiffany Ross
1337,Elizabeth Beck
1338,Christopher Medina
1339,Taylor Day
1340,Tammy Cuevas
1341,Christina Webb
1342,Sarah Brown
1343,Alyssa Lloyd
1344,Sabrina Anderson
1345,Brandon Allen
1346,John Morrison
1347,Janet Taylor
1348,Sharon Whitney
1349,Justin Guzman PhD
1350,Beth Moran
1351,Dawn Garcia
1352,Adam Aguilar
1353,William English
1354,Hector Bennett
1355,Kristin Chambers
1356,Tamara Drake
1357,Edward Bennett
1358,Lisa Soto
1359,Andre Martin
1360,Jacqueline Anderson
1361,Laura Velasquez
1362,Bethany Miller
1363,John Ray
1364,Marissa Nunez
1365,Ronnie Schmidt
1366,Bruce Jackson
1367,Jack Cervantes
1368,Nicholas Griffith
1369,Michael Guerrero
1370,Michael Perez
1371,Anne Edwards
1372,Edward Roach
1373,James Martinez Jr.
1374,Benjamin Campbell
1375,Michael Bennett
1376,Joseph Davis
1377,Sara Ray
1378,Adrienne Patel
1379,Michelle Black
1380,Elizabeth Cole
1381,Stephanie Taylor
1382,Jon Brown
1383,Stephen Smith
1384,Kaitlyn Oconnor
1385,Amanda Allen
1386,Sergio Aguilar
1387,Andrew Boyd
1388,Michelle Brown
1389,Kelly Whitaker
1390,Amber Smith
1391,Steven Wells
1392,Jeffrey Robinson
1393,Robyn Vasquez
1394,Lauren Hoffman
1395,Anthony Saunders
1396,Bryan Taylor
1397,James Scott
1398,Amanda Deleon
1399,Jennifer Mcconnell
1400,Jimmy Fields
1401,Adam Sosa
1402,Wendy Pacheco
1403,Jennifer Lopez
1404,Adam Thompson
1405,Anita Diaz
1406,Curtis Wall
1407,Michael Rodriguez
1408,Lisa Koch
1409,Adam Morgan
1410,Angela Chen
1411,Donald Russell
1412,Cameron Mitchell
1413,Patrick Monroe
1414,Dennis Ramsey
1415,Devin Chan
1416,Lori Jarvis
1417,Lisa Lester
1418,Brandy Chavez
1419,Ashlee Middleton
1420,Krista Hernandez
1421,John Green
1422,Sara Mccoy
1423,Christina Brady
1424,Michael Valdez
1425,Amanda Hawkins
1426,Brittany Simmons
1427,Ian Webb
1428,Tiffany Johnston
1429,Allison Cook
1430,Austin Conley
1431,Allison Thompson DVM
1432,Ronald Nixon
1433,Jose Sloan
1434,Aaron Brown
1435,Alexander Kirby
1436,Sarah Ramos
1437,Judith Richard
1438,Lisa Terry
1439,Frances Cole
1440,Andrew Robles
1441,Logan Wallace
1442,Donna Ryan
1443,Alyssa Jordan
1444,Victor Knapp
1445,Samuel Zimmerman
1446,Susan Andrade
1447,Ms. Tracy Gardner DVM
1448,Kenneth Gomez
1449,Gina Silva
1450,David Pittman
1451,Andrew Moyer
1452,Russell Robinson
1453,Rhonda Hogan
1454,Thomas Foster Jr.
1455,Sara Stewart
1456,Michael Wolf
1457,Jennifer Saunders
1458,Timothy Ross
1459,Luke Williams
1460,Kristopher Simpson
1461,Kara Owen
1462,Mr. Jay Mendoza
1463,Jeremy Flores
1464,Vanessa Rhodes
1465,Antonio Hansen
1466,Cathy Bennett
1467,Jessica Wheeler
1468,Anna Gilbert
1469,Michelle Hall
1470,Ronald Martinez
1471,Angelica Khan
1472,Julie Riley
1473,Russell Bennett
1474,Kathryn Medina
1475,Kimberly Jacobson
1476,Matthew Lee
1477,Morgan Gomez
1478,Tiffany Beck
1479,Jordan Hensley
1480,Charles Dillon
1481,Jennifer Medina
1482,Garrett Brooks
1483,Catherine Pena
1484,Trevor Powell
1485,Stacey Nguyen
1486,Johnathan Wood
1487,Cody Lopez
1488,Lisa Smith
1489,Mr. Donald Olsen DVM
1490,Michael Moore
1491,Francisco Cook
1492,Alexander Graham
1493,Tiffany Browning
1494,Dustin Harrington
1495,Deanna Robertson
1496,Jennifer Johnson
1497,Destiny Henderson
1498,Jeffrey Watson
1499,Holly Marks
